loan_id,state,issue_year,grade,interest_rate,annual_income,default
1,CA,2019,A,7.1,92000,0
2,CA,2020,B,9.4,78000,0
3,NY,2020,C,12.3,65000,0
4,TX,2021,D,18.2,54000,1
5,TX,2022,C,13.4,61000,0
6,FL,2022,E,22.1,48000,1
7,IL,2021,B,10.2,72000,0
8,WA,2023,A,6.8,110000,0
9,GA,2023,D,17.5,52000,1
10,OH,2024,C,14.1,59000,0
11,PA,2024,B,9.9,76000,0
12,NC,2025,E,21.3,50000,1
