state,median_income,poverty_rate,unemployment_rate
CA,91500,11.5,4.2
NY,82000,13.8,4.5
TX,76000,14.0,4.1
FL,69000,12.7,3.9
IL,78000,12.1,4.8
WA,90000,9.9,4.0
GA,67000,13.2,4.2
OH,65000,13.4,4.6
PA,72000,11.8,4.3
NC,68000,12.9,4.1
